{"showCoverPage":false,"bookCover":{"coverDescription":"<p style=\"text-align:center\"></p>"},"chapters":[{"params":{"content":[{"content":{"params":{"decorative":true,"contentName":"Image","expandImage":"Expand Image","minimizeImage":"Minimize Image","file":{"path":"images/image-5pYnJ8Vc.jpg","mime":"image/jpeg","copyright":{"license":"U"},"width":1920,"height":1097}},"library":"H5P.Image 1.1","metadata":{"contentType":"Image","license":"U","title":"Untitled Image","authors":[],"changes":[]},"subContentId":"3a41abae-2242-43d0-b9f8-035d36479ea5"},"useSeparator":"auto"},{"content":{"params":{"text":"<p> </p><p>Die <strong>Digitalisierung</strong> beschreibt die zunehmende Nutzung digitaler Technologien in unserem Alltag. Fast alles, was wir heute tun, wird von Computern, dem Internet oder digitalen Geräten beeinflusst.</p><p>Hier sind einige Beispiele für digitale Technologien:</p><p>✅ <strong>Smartphones und Computer</strong> – Wir nutzen sie für Kommunikation, Arbeit und Unterhaltung.<br />✅ <strong>Cloud Computing</strong> – Unsere Fotos, Musik und Dokumente sind nicht mehr nur auf unserem Gerät gespeichert, sondern im Internet abrufbar. Auch Programme können auf Servern, welche über das Internet erreichbar sind, ausgeführt werden.<br />✅ <strong>Künstliche Intelligenz (KI)</strong> – <span>Programme, die Aufgaben lösen, für die normalerweise Menschen nötig wären. Oft können sie \"lernen\" und sich dabei selbst verbessern. </span><br />✅ <strong>Smart Homes</strong> – Lampen, Heizungen oder Kühlschränke, die mit dem Internet verbunden sind, können automatisch gesteuert werden. Oft wird dazu Sprachsteuerung wie beispielsweise Siri oder Alexa verwendet.</p><p>🚀 Die Digitalisierung erleichtert vieles – wir können schneller Informationen finden, mit Menschen auf der ganzen Welt sprechen und unsere Arbeit effizienter erledigen.<br />🌍 Doch welche Auswirkungen hat das auf die Umwelt? Das werden wir in den nächsten Kapiteln untersuchen.</p>"},"library":"H5P.AdvancedText 1.1","metadata":{"contentType":"Text","license":"U","title":"Untitled Text","authors":[],"changes":[]},"subContentId":"ce1f5e8d-2148-4c28-83db-bba382c1c38e"},"useSeparator":"disabled"},{"content":{"params":{"media":{"disableImageZooming":false},"taskDescription":"<p>Ordne die Begriffe zu!</p>","overallFeedback":[{"from":0,"to":100}],"checkAnswer":"Überprüfen","submitAnswer":"Absenden","tryAgain":"Wiederholen","showSolution":"Lösung anzeigen","dropZoneIndex":"Ablagefeld @index.","empty":"Ablagefeld @index ist leer.","contains":"Ablagefeld @index enthält ziehbaren Text @draggable.","ariaDraggableIndex":"@index von @count ziehbaren Texten.","tipLabel":"Tipp anzeigen","correctText":"Richtig!","incorrectText":"Falsch!","resetDropTitle":"Ablagefelder zurücksetzen","resetDropDescription":"Bist du sicher, dass du dieses Ablagefeld zurücksetzen möchtest?","grabbed":"Ziehbarer Text wurde aufgenommen.","cancelledDragging":"Ziehen abgebrochen.","correctAnswer":"Korrekte Antwort:","feedbackHeader":"Rückmeldung","behaviour":{"enableRetry":false,"enableSolutionsButton":false,"enableCheckButton":true,"instantFeedback":false},"scoreBarLabel":"Du hast :num von :total Punkten erreicht.","a11yCheck":"Die Antworten überprüfen. Die Eingaben werden als richtig, falsch oder unbeantwortet markiert.","a11yShowSolution":"Die Lösung anzeigen. Die richtigen Lösungen werden in der Aufgabe angezeigt.","a11yRetry":"Die Aufgabe wiederholen. Alle Eingaben werden zurückgesetzt und die Aufgabe wird erneut gestartet.","textField":"Bei *Cloud Computing* werden Daten nicht mehr lokal gespeichert, sondern über das *Internet* abgerufen. Auch Programme können auf *Servern* ausgeführt werden.\nEin *Smart Home* besteht aus Geräten, die sich über das Internet steuern lassen. Oft verwendet man dafür *Sprachsteuerung*.\n*Künstliche Intelligenz* bedeutet, dass Computer selbstständig aus Daten lernen und Entscheidungen treffen können.\nDurch die *Digitalisierung* werden immer mehr analoge Prozesse durch digitale ersetzt.","distractors":"*Computer* *Smartphone* *Tablet*"},"library":"H5P.DragText 1.10","metadata":{"contentType":"Drag the Words","license":"U","title":"Digitalisierung Übung","authors":[],"changes":[],"extraTitle":"Digitalisierung Übung"},"subContentId":"d47a2a24-740d-4e94-8d60-dbfe943cdd24"},"useSeparator":"auto"},{"content":{"params":{"introPage":{"showIntroPage":true,"startButtonText":"Start","title":"Digitalisierung Quiz","introduction":"<p>Dieses Quiz besteht aus Multiple Choice Fragen. Das heißt, es können mehrere Antworten korrekt sein!</p>"},"progressType":"dots","passPercentage":50,"questions":[{"params":{"media":{"disableImageZooming":false},"answers":[{"correct":true,"tipsAndFeedback":{"tip":"","chosenFeedback":"","notChosenFeedback":""},"text":"<div>Durch Digitalisierung können Informationen schneller ausgetauscht werden.</div>"},{"correct":true,"tipsAndFeedback":{"tip":"","chosenFeedback":"","notChosenFeedback":""},"text":"<div>Cloud Computing ermöglicht den Zugriff auf Dateien von überall aus.</div>"},{"correct":false,"tipsAndFeedback":{"tip":"","chosenFeedback":"","notChosenFeedback":""},"text":"<div>Künstliche Intelligenz gibt es nur in Science-Fiction Filmen.</div>"},{"correct":false,"tipsAndFeedback":{"tip":"","chosenFeedback":"","notChosenFeedback":""},"text":"<div>Smart Home Technologien gibt es nur in großen Unternehmen.</div>"},{"correct":true,"tipsAndFeedback":{"tip":"","chosenFeedback":"","notChosenFeedback":""},"text":"<div>Digitalisierung kann einen positiven Effekt auf die Umwelt haben.</div>"}],"overallFeedback":[{"from":0,"to":100}],"behaviour":{"enableRetry":false,"enableSolutionsButton":false,"enableCheckButton":true,"type":"auto","singlePoint":false,"randomAnswers":true,"showSolutionsRequiresInput":true,"confirmCheckDialog":false,"confirmRetryDialog":false,"autoCheck":false,"passPercentage":100,"showScorePoints":true},"UI":{"checkAnswerButton":"Check","submitAnswerButton":"Submit","showSolutionButton":"Show solution","tryAgainButton":"Retry","tipsLabel":"Show tip","scoreBarLabel":"You got :num out of :total points","tipAvailable":"Tip available","feedbackAvailable":"Feedback available","readFeedback":"Read feedback","wrongAnswer":"Wrong answer","correctAnswer":"Correct answer","shouldCheck":"Should have been checked","shouldNotCheck":"Should not have been checked","noInput":"Please answer before viewing the solution","a11yCheck":"Check the answers. The responses will be marked as correct, incorrect, or unanswered.","a11yShowSolution":"Show the solution. The task will be marked with its correct solution.","a11yRetry":"Retry the task. Reset all responses and start the task over again."},"confirmCheck":{"header":"Finish ?","body":"Are you sure you wish to finish ?","cancelLabel":"Cancel","confirmLabel":"Finish"},"confirmRetry":{"header":"Retry ?","body":"Are you sure you wish to retry ?","cancelLabel":"Cancel","confirmLabel":"Confirm"},"question":"<p> </p><p>Welche Aussagen über die Digitalisierung sind richtig?</p>"},"library":"H5P.MultiChoice 1.16","metadata":{"contentType":"Multiple Choice","license":"U","title":"Frage 1","authors":[],"changes":[],"extraTitle":"Frage 1"},"subContentId":"c78bc385-68e1-4807-b317-9c0e6b610fc0"},{"params":{"media":{"disableImageZooming":false},"answers":[{"correct":true,"tipsAndFeedback":{"tip":"","chosenFeedback":"","notChosenFeedback":""},"text":"<div>Künstliche Intelligenz</div>"},{"correct":true,"tipsAndFeedback":{"tip":"","chosenFeedback":"","notChosenFeedback":""},"text":"<div>Smart Home Technologie</div>"},{"correct":false,"tipsAndFeedback":{"tip":"","chosenFeedback":"","notChosenFeedback":""},"text":"<div>Dampflokomotive</div>"},{"correct":true,"tipsAndFeedback":{"tip":"","chosenFeedback":"","notChosenFeedback":""},"text":"<div>Cloud Computing</div>"},{"correct":false,"tipsAndFeedback":{"tip":"","chosenFeedback":"","notChosenFeedback":""},"text":"<div>Schallplatten</div>"}],"overallFeedback":[{"from":0,"to":100}],"behaviour":{"enableRetry":false,"enableSolutionsButton":false,"enableCheckButton":true,"type":"auto","singlePoint":false,"randomAnswers":true,"showSolutionsRequiresInput":true,"confirmCheckDialog":false,"confirmRetryDialog":false,"autoCheck":false,"passPercentage":100,"showScorePoints":true},"UI":{"checkAnswerButton":"Check","submitAnswerButton":"Submit","showSolutionButton":"Show solution","tryAgainButton":"Retry","tipsLabel":"Show tip","scoreBarLabel":"You got :num out of :total points","tipAvailable":"Tip available","feedbackAvailable":"Feedback available","readFeedback":"Read feedback","wrongAnswer":"Wrong answer","correctAnswer":"Correct answer","shouldCheck":"Should have been checked","shouldNotCheck":"Should not have been checked","noInput":"Please answer before viewing the solution","a11yCheck":"Check the answers. The responses will be marked as correct, incorrect, or unanswered.","a11yShowSolution":"Show the solution. The task will be marked with its correct solution.","a11yRetry":"Retry the task. Reset all responses and start the task over again."},"confirmCheck":{"header":"Finish ?","body":"Are you sure you wish to finish ?","cancelLabel":"Cancel","confirmLabel":"Finish"},"confirmRetry":{"header":"Retry ?","body":"Are you sure you wish to retry ?","cancelLabel":"Cancel","confirmLabel":"Confirm"},"question":"<p> </p><p>Welche Technologien gehören zur Digitalisierung?</p>"},"library":"H5P.MultiChoice 1.16","metadata":{"contentType":"Multiple Choice","license":"U","title":"Frage 2","authors":[],"changes":[],"extraTitle":"Frage 2"},"subContentId":"2d0d8933-1495-457c-ba2c-ad17e09064b9"},{"params":{"media":{"disableImageZooming":false},"answers":[{"correct":true,"tipsAndFeedback":{"tip":"","chosenFeedback":"","notChosenFeedback":""},"text":"<div>Man kann weltweit mit Menschen kommunizieren.</div>"},{"correct":true,"tipsAndFeedback":{"tip":"","chosenFeedback":"","notChosenFeedback":""},"text":"<div>Arbeiten im Homeoffice kann den Verkehr reduzieren.</div>"},{"correct":false,"tipsAndFeedback":{"tip":"","chosenFeedback":"","notChosenFeedback":""},"text":"<div>Alle digitalen Geräte sind umweltfreundlich.</div>"},{"correct":false,"tipsAndFeedback":{"tip":"","chosenFeedback":"","notChosenFeedback":""},"text":"<div>Computer verbrauchen keinen Strom.</div>"}],"overallFeedback":[{"from":0,"to":100}],"behaviour":{"enableRetry":false,"enableSolutionsButton":false,"enableCheckButton":true,"type":"auto","singlePoint":false,"randomAnswers":true,"showSolutionsRequiresInput":true,"confirmCheckDialog":false,"confirmRetryDialog":false,"autoCheck":false,"passPercentage":100,"showScorePoints":true},"UI":{"checkAnswerButton":"Check","submitAnswerButton":"Submit","showSolutionButton":"Show solution","tryAgainButton":"Retry","tipsLabel":"Show tip","scoreBarLabel":"You got :num out of :total points","tipAvailable":"Tip available","feedbackAvailable":"Feedback available","readFeedback":"Read feedback","wrongAnswer":"Wrong answer","correctAnswer":"Correct answer","shouldCheck":"Should have been checked","shouldNotCheck":"Should not have been checked","noInput":"Please answer before viewing the solution","a11yCheck":"Check the answers. The responses will be marked as correct, incorrect, or unanswered.","a11yShowSolution":"Show the solution. The task will be marked with its correct solution.","a11yRetry":"Retry the task. Reset all responses and start the task over again."},"confirmCheck":{"header":"Finish ?","body":"Are you sure you wish to finish ?","cancelLabel":"Cancel","confirmLabel":"Finish"},"confirmRetry":{"header":"Retry ?","body":"Are you sure you wish to retry ?","cancelLabel":"Cancel","confirmLabel":"Confirm"},"question":"<p> </p><p>Was ist ein Vorteil der Digitalisierung?</p>"},"library":"H5P.MultiChoice 1.16","metadata":{"contentType":"Multiple Choice","license":"U","title":"Frage 3","authors":[],"changes":[],"extraTitle":"Frage 3"},"subContentId":"0fb10853-5b62-47df-9206-312489ebb268"}],"disableBackwardsNavigation":false,"randomQuestions":true,"endGame":{"showResultPage":true,"showSolutionButton":false,"showRetryButton":false,"noResultMessage":"Finished","message":"Your result:","scoreBarLabel":"You got @finals out of @totals points","overallFeedback":[{"from":0,"to":100}],"solutionButtonText":"Show solution","retryButtonText":"Retry","finishButtonText":"Finish","submitButtonText":"Submit","showAnimations":false,"skippable":false,"skipButtonText":"Skip video"},"texts":{"prevButton":"Previous question","nextButton":"Next question","finishButton":"Finish","submitButton":"Submit","textualProgress":"Question: @current of @total questions","jumpToQuestion":"Question %d of %total","questionLabel":"Question","readSpeakerProgress":"Question @current of @total","unansweredText":"Unanswered","answeredText":"Answered","currentQuestionText":"Current question","navigationLabel":"Questions"},"override":{"checkButton":false}},"library":"H5P.QuestionSet 1.20","metadata":{"contentType":"Question Set","license":"U","title":"Digitalisierung Einführung - Quiz","authors":[],"changes":[],"extraTitle":"Digitalisierung Einführung - Quiz"},"subContentId":"ea7bf288-d6c4-4940-8e23-7404ceba228c"},"useSeparator":"auto"}]},"library":"H5P.Column 1.18","subContentId":"0b77d825-615e-4ea7-837a-18eb92ec749b","metadata":{"contentType":"Column","license":"U","title":"Einführung","authors":[],"changes":[],"extraTitle":"Einführung"}},{"params":{"content":[{"content":{"params":{"decorative":true,"contentName":"Image","expandImage":"Expand Image","minimizeImage":"Minimize Image","file":{"path":"images/image-TJV52Y9p.png","mime":"image/png","copyright":{"license":"U"},"width":4000,"height":2250}},"library":"H5P.Image 1.1","metadata":{"contentType":"Image","license":"U","title":"Untitled Image","authors":[],"changes":[]},"subContentId":"76237744-8c16-4c07-815d-c328e40d58d5"},"useSeparator":"auto"},{"content":{"params":{"text":"<p> </p><p>Die Digitalisierung verändert unser Leben – doch sie hat auch Auswirkungen auf die Umwelt. Manche sind <strong>positiv</strong>, andere <strong>negativ</strong>.</p><p>🌱 <strong>Positive Auswirkungen:</strong></p><ul><li><strong>Papier wird gespart</strong>, weil Briefe durch E-Mails ersetzt werden.</li><li><strong>Homeoffice verringert den Verkehr</strong>, weil Menschen weniger pendeln müssen.</li><li><strong>Smarte Geräte sparen Strom</strong>, z. B. schalten smarte Heizungen sich automatisch aus, wenn niemand zu Hause ist.</li></ul><p>⚡ <strong>Negative Auswirkungen:</strong></p><ul><li><strong>Rechenzentren verbrauchen sehr viel Strom</strong>, da sie rund um die Uhr arbeiten.</li><li><strong>Für digitale Geräte werden seltene Rohstoffe</strong> wie Gold und Lithium abgebaut – das zerstört Landschaften.</li><li><strong>Elektroschrott wächst</strong>, weil Menschen ihre Smartphones und Computer oft ersetzen müssen.</li><li><strong>Künstliche Intelligenz</strong> zu trainieren und fertige Systeme zu betreiben benötigt große Mengen an Rechenleistung und damit enorm viel Energie.</li></ul><p>💡 <strong>Aber: Digitalisierung kann nachhaltiger werden!</strong> In den nächsten Kapiteln schauen wir uns Lösungen an.</p>"},"library":"H5P.AdvancedText 1.1","metadata":{"contentType":"Text","license":"U","title":"Untitled Text","authors":[],"changes":[]},"subContentId":"e66dbe2a-ec1a-4b86-a09c-ce2e55935f17"},"useSeparator":"auto"},{"content":{"params":{"introPage":{"showIntroPage":true,"startButtonText":"Start","title":"Digitalisierung Quiz","introduction":"<p>Entscheide, ob die folgenden Aussagen Wahr oder Falsch sind!</p>"},"progressType":"dots","passPercentage":50,"questions":[{"params":{"media":{"disableImageZooming":false},"correct":"false","behaviour":{"enableRetry":false,"enableSolutionsButton":false,"enableCheckButton":true,"confirmCheckDialog":false,"confirmRetryDialog":false,"autoCheck":false},"l10n":{"trueText":"Wahr","falseText":"Falsch","score":"You got @score of @total points","checkAnswer":"Check","submitAnswer":"Submit","showSolutionButton":"Show solution","tryAgain":"Retry","wrongAnswerMessage":"Wrong answer","correctAnswerMessage":"Correct answer","scoreBarLabel":"You got :num out of :total points","a11yCheck":"Check the answers. The responses will be marked as correct, incorrect, or unanswered.","a11yShowSolution":"Show the solution. The task will be marked with its correct solution.","a11yRetry":"Retry the task. Reset all responses and start the task over again."},"confirmCheck":{"header":"Finish ?","body":"Are you sure you wish to finish ?","cancelLabel":"Cancel","confirmLabel":"Finish"},"confirmRetry":{"header":"Retry ?","body":"Are you sure you wish to retry ?","cancelLabel":"Cancel","confirmLabel":"Confirm"},"question":"<p> </p><p>Durch Digitalisierung wird immer Energie gespart.</p>"},"library":"H5P.TrueFalse 1.8","metadata":{"contentType":"True/False Question","license":"U","title":"Frage 1","authors":[],"changes":[],"extraTitle":"Frage 1"},"subContentId":"e3b25568-0965-498b-89ec-9ec5539eb5cc"},{"params":{"media":{"disableImageZooming":false},"correct":"true","behaviour":{"enableRetry":false,"enableSolutionsButton":false,"enableCheckButton":true,"confirmCheckDialog":false,"confirmRetryDialog":false,"autoCheck":false},"l10n":{"trueText":"Wahr","falseText":"Falsch","score":"You got @score of @total points","checkAnswer":"Check","submitAnswer":"Submit","showSolutionButton":"Show solution","tryAgain":"Retry","wrongAnswerMessage":"Wrong answer","correctAnswerMessage":"Correct answer","scoreBarLabel":"You got :num out of :total points","a11yCheck":"Check the answers. The responses will be marked as correct, incorrect, or unanswered.","a11yShowSolution":"Show the solution. The task will be marked with its correct solution.","a11yRetry":"Retry the task. Reset all responses and start the task over again."},"confirmCheck":{"header":"Finish ?","body":"Are you sure you wish to finish ?","cancelLabel":"Cancel","confirmLabel":"Finish"},"confirmRetry":{"header":"Retry ?","body":"Are you sure you wish to retry ?","cancelLabel":"Cancel","confirmLabel":"Confirm"},"question":"<p> </p><p>Smart Homes können helfen, den Energieverbrauch zu senken.</p>"},"library":"H5P.TrueFalse 1.8","metadata":{"contentType":"True/False Question","license":"U","title":"Frage 2","authors":[],"changes":[],"extraTitle":"Frage 2"},"subContentId":"4a1e8d70-e95a-49b6-906d-50483639e141"},{"params":{"media":{"disableImageZooming":false},"correct":"false","behaviour":{"enableRetry":false,"enableSolutionsButton":false,"enableCheckButton":true,"confirmCheckDialog":false,"confirmRetryDialog":false,"autoCheck":false},"l10n":{"trueText":"Wahr","falseText":"Falsch","score":"You got @score of @total points","checkAnswer":"Check","submitAnswer":"Submit","showSolutionButton":"Show solution","tryAgain":"Retry","wrongAnswerMessage":"Wrong answer","correctAnswerMessage":"Correct answer","scoreBarLabel":"You got :num out of :total points","a11yCheck":"Check the answers. The responses will be marked as correct, incorrect, or unanswered.","a11yShowSolution":"Show the solution. The task will be marked with its correct solution.","a11yRetry":"Retry the task. Reset all responses and start the task over again."},"confirmCheck":{"header":"Finish ?","body":"Are you sure you wish to finish ?","cancelLabel":"Cancel","confirmLabel":"Finish"},"confirmRetry":{"header":"Retry ?","body":"Are you sure you wish to retry ?","cancelLabel":"Cancel","confirmLabel":"Confirm"},"question":"<p> </p><p>Elektroschrott ist kein Problem, weil alle Geräte recycelt werden.</p>"},"library":"H5P.TrueFalse 1.8","metadata":{"contentType":"True/False Question","license":"U","title":"Frage 3","authors":[],"changes":[],"extraTitle":"Frage 3"},"subContentId":"e36ee794-52b5-4287-acd9-05dee622c17e"},{"params":{"media":{"disableImageZooming":false},"correct":"true","behaviour":{"enableRetry":false,"enableSolutionsButton":false,"enableCheckButton":true,"confirmCheckDialog":false,"confirmRetryDialog":false,"autoCheck":false},"l10n":{"trueText":"Wahr","falseText":"Falsch","score":"You got @score of @total points","checkAnswer":"Check","submitAnswer":"Submit","showSolutionButton":"Show solution","tryAgain":"Retry","wrongAnswerMessage":"Wrong answer","correctAnswerMessage":"Correct answer","scoreBarLabel":"You got :num out of :total points","a11yCheck":"Check the answers. The responses will be marked as correct, incorrect, or unanswered.","a11yShowSolution":"Show the solution. The task will be marked with its correct solution.","a11yRetry":"Retry the task. Reset all responses and start the task over again."},"confirmCheck":{"header":"Finish ?","body":"Are you sure you wish to finish ?","cancelLabel":"Cancel","confirmLabel":"Finish"},"confirmRetry":{"header":"Retry ?","body":"Are you sure you wish to retry ?","cancelLabel":"Cancel","confirmLabel":"Confirm"},"question":"<p> </p><p>Cloud Computing spart Ressourcen, weil weniger Papier benötigt wird.</p>"},"library":"H5P.TrueFalse 1.8","metadata":{"contentType":"True/False Question","license":"U","title":"Frage 4","authors":[],"changes":[],"extraTitle":"Frage 4"},"subContentId":"3786360f-2765-4ff9-b345-443794eee0b0"},{"params":{"media":{"disableImageZooming":false},"correct":"false","behaviour":{"enableRetry":false,"enableSolutionsButton":false,"enableCheckButton":true,"confirmCheckDialog":false,"confirmRetryDialog":false,"autoCheck":false},"l10n":{"trueText":"Wahr","falseText":"Falsch","score":"You got @score of @total points","checkAnswer":"Check","submitAnswer":"Submit","showSolutionButton":"Show solution","tryAgain":"Retry","wrongAnswerMessage":"Wrong answer","correctAnswerMessage":"Correct answer","scoreBarLabel":"You got :num out of :total points","a11yCheck":"Check the answers. The responses will be marked as correct, incorrect, or unanswered.","a11yShowSolution":"Show the solution. The task will be marked with its correct solution.","a11yRetry":"Retry the task. Reset all responses and start the task over again."},"confirmCheck":{"header":"Finish ?","body":"Are you sure you wish to finish ?","cancelLabel":"Cancel","confirmLabel":"Finish"},"confirmRetry":{"header":"Retry ?","body":"Are you sure you wish to retry ?","cancelLabel":"Cancel","confirmLabel":"Confirm"},"question":"<p> </p><p>Digitale Technologien enthalten keine seltenen Rohstoffe und sind daher für die Umwelt nichr problematisch.</p>"},"library":"H5P.TrueFalse 1.8","metadata":{"contentType":"True/False Question","license":"U","title":"Frage 5","authors":[],"changes":[],"extraTitle":"Frage 5"},"subContentId":"8c24999a-a6fe-4bc3-911a-4efbf50e2344"}],"disableBackwardsNavigation":false,"randomQuestions":true,"endGame":{"showResultPage":true,"showSolutionButton":false,"showRetryButton":false,"noResultMessage":"Finished","message":"Your result:","scoreBarLabel":"You got @finals out of @totals points","overallFeedback":[{"from":0,"to":100}],"solutionButtonText":"Show solution","retryButtonText":"Retry","finishButtonText":"Finish","submitButtonText":"Submit","showAnimations":false,"skippable":false,"skipButtonText":"Skip video"},"texts":{"prevButton":"Previous question","nextButton":"Next question","finishButton":"Finish","submitButton":"Submit","textualProgress":"Question: @current of @total questions","jumpToQuestion":"Question %d of %total","questionLabel":"Question","readSpeakerProgress":"Question @current of @total","unansweredText":"Unanswered","answeredText":"Answered","currentQuestionText":"Current question","navigationLabel":"Questions"},"override":{"checkButton":true}},"library":"H5P.QuestionSet 1.20","metadata":{"contentType":"Question Set","license":"U","title":"Digitalisierung Quiz","authors":[],"changes":[],"extraTitle":"Digitalisierung Quiz"},"subContentId":"2a08231f-d80b-492d-8ba5-987989a28e5b"},"useSeparator":"auto"}]},"library":"H5P.Column 1.18","subContentId":"471e93ba-0d79-46f4-a415-21b3cca75a67","metadata":{"contentType":"Column","license":"U","title":"Digitalisierung und Umwelt","authors":[],"changes":[],"extraTitle":"Digitalisierung und Umwelt"}}],"behaviour":{"baseColor":"#4dccbd","defaultTableOfContents":true,"progressIndicators":true,"progressAuto":true,"displaySummary":true,"enableRetry":true},"read":"Öffnen","displayTOC":"Inhaltsverzeichnis anzeigen","hideTOC":"Inhaltsverzeichnis ausblenden","nextPage":"Nächste Seite","previousPage":"Vorherige Seite","chapterCompleted":"Seite abgeschlossen!","partCompleted":"@pages von @total Seiten abgeschlossen","incompleteChapter":"Unvollständige Seite","navigateToTop":"Nach oben springen","markAsFinished":"Ich habe diese Seite abgeschlossen","fullscreen":"Vollbild","exitFullscreen":"Vollbild beenden","bookProgressSubtext":"@count von @total Seiten","interactionsProgressSubtext":"@count von @total Interaktionen","submitReport":"Report absenden","restartLabel":"Neustart","summaryHeader":"Zusammenfassung","allInteractions":"Alle Interaktionen","unansweredInteractions":"Unbeantwortete Interaktionen","scoreText":"@score / @maxscore","leftOutOfTotalCompleted":"@left von @max Interaktionen abgeschlossen","noInteractions":"Keine Interaktionen","score":"Punkte","summaryAndSubmit":"Zusammenfassung und Einsenden","noChapterInteractionBoldText":"Du hast noch keine Seiten bearbeitet.","noChapterInteractionText":"Du musst wenigstens eine Seite bearbeiten, um die Zusammenfassung zu sehen.","yourAnswersAreSubmittedForReview":"Deine Antworten wurden zur Begutachtung versendet!","bookProgress":"Buchfortschritt","interactionsProgress":"Interaktionsfortschritt","totalScoreLabel":"Gesamtpunktzahl","a11y":{"progress":"Seite @page von @total.","menu":"Inhaltsverzeichnis ein- bzw. ausschalten"}}